text,label
kok stabilitas negara,memange 10 thn negara tdk aman
aib? bodoh benar! sebelum kata aib itu muncul,terlebih dahulu sudah ada tindakan. yakni kekejian! jangan kau sembunyikan caramu menelaah masalah. semisal anak perempuanmu ditempeleng! apa kau juga setuju untuk dia bersikap bungkam? melapor polisi adl benar. lantas apa bedanya	Anger
"asli malu maluin org indo tolol yg rep latah ""cilukba"" pake huruf hijaiyah sm ""ngntd"" sama ganti huruf t pake salib","ada tiktok filipin lewat fyp aku dan repnya ""ngtd"" semua"
bangsat tribute no.1,bencana no.2 mau ngalahin ini keknya	Anger
pagi-pagi dikerjain orang haha dikira gua bego,ya gua ladenin lahh liat sampe manaa	Anger
angka covid lagi naek. kalo masih dilanjut event offlinenya,asli bodoh sih ni brand.	Anger
bukan lebih ke sangar sih,kalo menurutku goblokk bin tolol . di ingetin untuk kebaikan malah acuh	Anger
mas ngelonte dulu mas,biar otaknya jadi seger lg
izinin suami poligami buat menghindari zina? lol banget,heh mmngnya nabi saya poligami gegara mata keranjang trus sangean? trus ada niatan zina
benci banget sama diri sendiri,gampang nangis kalo ngobrol sama orang tua.	Anger
ni geng lgbt patutle. libtard,gay
satu kata jangan mengundi,sebab semua bodoh	Anger
diam,adalah jawaban terbaik untuk menghadapi orang bodoh!	Anger
sangat tolol bbm langka,beras mahal cuma sarapan jagung dan ubi sebelum berangkat sekolah itu sekitar 2006 sampai 2011	Anger
"lah kakak gue yang umur 33 harus manggil gue yang umur 23 apaan anjrit kalo bukan adek? ""oh saya anak tunggal","ada anak perempuan satu lagi punya ayah ibu saya"" gitu? tolol ih.	Anger"
ternyata ada yg lebih bego dari aku,jauh malah	Anger
apa bedanya coba awal chat huruf kapital apa engga ? sahabat,kamu kok tolol	Anger
bangsat,mang lu udah?	Anger
saya bisa masak,saya ini sudah ada bekal untuk main benda tajam dan minyak panas
eh,kau tidak pernah merancang kejatuhan orang kau benci dengan perempuan lain kah?	Anger
islamofobis/buzzerp,yaitu: 1. para *njing sepilis dan komunis
ha tuh lu doang,tau definisi adek ga sih lu ilah bikin emosi.	Anger
nnton sis,masih on going. emosi mulu yah
kenapa agama yg lurus dr tuhan yme bs menjadi bengkok hingga bermacam2? sebabnya krn ada org2 bodoh dan sesat spt itu. sdh banyak dr zaman dl,namun motifnya tetap sama yaitu utk kepentingan perut dan sekitarnya.	Anger
dpt mimpi kok mendukung keparnoan,bangun2 bangsat bgt bete au ah
woii bodok.. klo semua komplain,beropini
gue kira di menfess sblmnya lu mau ngejokes trnyata bego beneran wkwk lo ga tau definisi ˜adik ™ atau gimana? semua org nyebut saudara kandang yg lebih mudanya ya ˜adik ™,ga usah nyuruh2 org buat ngaku deh
auto belit apa? mmg ah dia org marah bila kena kencing oleh gov india. indira gandhi gunakan perkara ini sbg peluang untuk politikus dia,itu yg menyebabkan ltte bunuh indira gandhi. ko pergi baca sejarah kenapa ltte tu diwujudkan. tak sama langsung mcm taliban.	Anger
benci tasik,benci jakarta	Anger
benci juga karakternya cheol. kek itu uda keliatan han sakit hati,knp harus ditegesin dlu baru peka??!! ga mempermasalahkan his feeling towards nu
poin 1-2 okelah,poin selanjutnya itu lho
betul org cakap,kalau tak bodoh bukan bn namanya..	Anger
aku pura-pura tidak tau saja kebohonganmu yang terhakiki,entahlah aku pura-pura bodoh saja nanti juga akan ketahuan sendiri biar waktu yang menunjukkannya	Anger
dulu waktu smp saya jengkel banget sama ibu saya,mau pergi naik bus dari jombang ke bojonegoro (jawa timur) pake dianterin ke terminal bus. padahal pinginnya naik angkot saja.	Anger
tolong jangan benci fany,fany baik-baik kok gak makan orang kok	Anger
kata mama harus baik samaa orang lain tpi kalo orang itu ngelunjak yaudah diemin aja tapi gue orangnya ga tega an.. jdi ya gtu,jatohnya malah tolol ngebantuin orng yg ga bisa usaha sendiri	Anger
bahkan ada dari tweet yang maksudnya supportive. parahnya tuh nggak dibarengi dengan nanya baik-baik atau diskusi,tapi langsung ngegas. bener-bener jadi ruang marah-marah aja	Anger
iya ituu benci bgt,makin hari ada aja peraturan ga jelas kek gini huhu	Anger
mak yng darah tinggi andin makk,knp mamak yng marah marah
tolol,namanya adek ga harus anak kecil. adek ya
diorang ni semua dah lama nak borak dengan kau. tak fun kata diorang,kalau tak dengar kau buat lawak bodoh satu hari.  tu dulu la jepp. haha.  kitorang dengar kau tengah on satu projek. big project. semua bercakap pasal kau jo.  takde la. benda takde pape lagi. 	Anger
yhh marah  mulu lo,cepet tua mampus	Anger
mun sepatah ku becakap,kau utuk. baik tah ku diam. pastu kau marah pulang aku diam? ngak paham	Anger
ahahaaa khas buzzerp jokowi nuduh org mau,dituduh marah	Anger
lah bego,itu all of us are dead kali gwinam	Anger
padahal gw stay di lokasi jg dianggurin lol buat apa lu nge-hire org luar klo kyk gini ceritanya tolol jd ga pengen gw duitnya mereka gajelas bgt,bikin stress doang
bangsat,ngagetin aja	Anger
pebenda lah org penuh dgn emosi last episode,time tu jugak dia nak sumbat ppl	Anger
gatau,gue benci banget	Anger
jujur shock di bagian bangsatnya sih,biasanya kayaknya drake doang ga ampe bangsat	Anger
sebb tu kalau org2 macam ni nak jalan aku buat x tahu je,selamba je jalan. kau x de hak nak halang2 jalan org. kecuali ambulans. bodoh	Anger
aneh ga sih? padahal dia lebih sering keluar berdua diem-diem ga ngajak aku tapi aku gada marah samsek krnapa giliran aku minta tolong buat ditemenin beli sesuatu dianya marah anjim aowkaowkaow padahal kan skornya juga 2:0,5 klo dipikir-pikir	Anger
hiyahiyahiya. terpesona,ku pada pandangan pertama. dan tak kuasa menahan emosi.	Anger
dipakai untuk acara pernikahan tuh,bodoh.. kunjungi ke tkp jangan cuma maen jempol aja luu.. keree gk punya ongkos
makanya anjir gue emosi,kesel banget nontonnyaa	Anger
bener,tpi juga bikin kesal lama2 liat mukanya	Anger
ga jadi deh,aku mau kak mark aja biar kamu emosi.	Anger
gue punya facebook,coba buka bem ternyata sama aja banyak virus adm
dari awal gasuka karakternya nu,knp dia bisa seserakah itu?? dan bodoh bgt segitu butanya. this is why i called him a jerk	Anger
rasa macam terlalu bodoh untuk law ni,nk ambil course lain lagi la bodo keje grab je la	Anger
anjir bsbsnya mimpi iparku ternyata jelmaan siluman babi,y tp kalo dipikir2 ada korelasinya si sm sikap
lo yg menganggap poligami adalah solusi dari perzinaan. oiya dan ngga semua laki2 mau poligami juga. poligami ngga gampang. banyak orang yg benci poligami karna manusia2 kayak lo. inget ya,tanggung jawab poligami itu berat.	Anger
bokap: ngelarang anak & istri nunjukin rasa jengkel also bokap: kalo jengkel nada ngomongnya ketus,banting pintu
si bodoh,minta monthly salary gak ngitung dulu kalo diannual ternyata sama aja sana sama sini pas di approved bingung kelabakan	Anger
diselingkuhin mereka belum sampe pacaran sih,tapi main belakang aja. diem diem gitu tapi ga mulus
"anjr kesal bgt sm yg suka curi""",semangat ashh smoga lancar jd bisa di td punya si pencuri mana judulny dari yg keren jdi cuman bridge
mestinya yg benci pemerintah di obatin sampe sembuh,tdk hanya covidnya yg sembuh tapi sakit hatinya juga sembuh..	Anger
1. jangan main klarinet. 2. jangan pernah melambaikan lampu senter ke depan dan ke belakang terlalu cepat. itu dianggap undangan. 3. jangan pernah berhenti menatap sekitar. 4. jangan makan keju,kecuali yang kotak. 5. jangan pakai topi sombrero. 6. jangan pakai baju bodoh.	Anger
"yang no 3 ""izinkan suami berpoligami","untuk mencegah perzinahan"" aduhh goblok banget ya jadi orang"
klo naksir ada si nder cuma setiap mau dideketin aku selalu ngasi lampu merah,jd pada mundur sendiri sendiri. aku disuruh sekolah dlu sm ortu
taik gua benci twitter,suka ke refresh sendiri bangsaat
salah sendiri baperan,tolol!	Anger
mereka ini ga pernah liat orang negro apa ya,rasis banget bangsat	Anger
soalnya dari kecil udah dicekokin kalo yang cakep itu yang kulitnya putih,alias tolol	Anger
jengkel bgt sama call centernya buru2 bgt closing nya,padahal masalah belom kelar. parahh!! oia kan sicepat namanya	Anger
bodoh banget dah checkout maybelline lupa pilih hadiah,Anger
gamau eskrim mau balas dendam sama om jev anjg maap kak esmosi jiwa - gpp,lagi
di satu sisi,kalopun emang proses kemaren gue gagal
dari 15 match competitive,yg menang cuma 4
slogan tu dah boleh buang,"ganti dengan ""semua polis adalah bangsat""	Anger"
setelah kucing gua udh di steril selama 13 hari itu udah dikurung dirumah,dan hari ini kabur dong main lagi ke rumah si tetangga sinting ini langsung gua kejar eh berharap gak ketemu dia tau2 malah sapaan ketemu amnjing bener dah bangsat	Anger
masih pagi,udah marah marah aja	Anger
frik ambis gajelas,males gua
jangan buat gua spill lu di rl ya njir,gua udh sabar udh hps twt udh ganti username tapi lu kayaknya emg nyari ribut sm gua ya cwek bangsat	Anger
parahh bangsat banget ya,planga plongo dongo beleng2 bangsat2 yg cr makan dr menghiaap darah orang dn nyawa orang	Anger
genius kang taehyun happy birthday anak lanang sehat terus jan sakit klo sakit aku marah kangen tyunn sulap,jg pengin tyunn ada konten masak trus upload di yt gitu _ __	Anger
kenapa sih gw malah download valorant lagi,tolol	Anger
jujur gue malu jadi orang indo,kok bisa tinggal senegara sama orang2 bodoh kyk gini semua	Anger
setan kribo ini model 2nya kyk si murtad saefudin ibrahim yg skrg pendeta yg selalu mendeskriditkan islam..si setan kribo klo mo murtad,murtad aja sekalian..jd umat islam cm bikin masalah n nebar fitnah..klo pemahaman agama islamnya dia bener gak kyk gini narasi si bangsat ini	Anger
"ternyata gue di block sama cowo kr di ig gegara dia pas minta foto yg aneh"" ke gue trs gue tolak","lagian minta foto yg aneh"" mulu dikata gue bego apa	Anger"
terlalu cuek dan capek berantem terus,tiap gue complain karna dia terlalu sibuk dan cuek malah dia yg marah
apasih bawa2 tahun,tolol	Anger
haduh jangan pjj dong,udah mulai ngerti pelajaran tiba tiba pjj jadi bego lagi ntar	Anger
bener bgt sih. banyak bgt yg benci ama gw. salah satunya pas gw kerja di penulis. ada nih 1 tmn gw yg didepan baik,dibelakang malah bilang ke kakak ipar gw kl dia gk suka gw
gua steril kucing aja abis 1 juta 3 ratus 80 ribu men bangsat mahal kan tapi karna kucing gua udah tua jadi reaksinya lama bgt masih suka spray urine sembarangan,suka teriak2 minta keluar nah itu yg bikin gua pusing	Anger
kalau tak p blaja tak p keje jauh,tak bergaul. rasanya aku pun benci ngan perangai aku thanks everyone sebb jadi contoh terbaik :)	Anger
daftar orang tolol dan idiot yang menolak kemajuan peradaban indonesia.. nanti akan dicatat sejarah penolak kemajuan indonesia,fotonya di pajang di tempat sampah	Anger
gue suka bingung,orang tuh kenapa sih caper banget mau atensi orang dengan ngehate sc? barangkali lo baca tweet'an gue nih
twt w mulai nga jelas ni keknya,mulai sedih
gua benci sama orang yg hidupnya kaya mp3,banyak lagunya	Anger
saya sungguh benci akan seto,dia ialah seksual anjing pokok pelukan sahaja	Anger
serius gue kangen banget wkwkw sampe nangis kadang kepikiran. tapi sekarang gue lg benci banget sama tuh agensi. sadar ga si kalo lu diem aja nih idol lu yang kena imbasnya. percuma diem  buat redain masalah,pastinya di sepanjang karir jake nih masalah bakal di ungkit	Anger
kita tengah bersiap dia call,memang kena marah la duit pun takde
pinjem duit di leasing,giliran ditagih marah ke penagih bayar listrik nunggak
opini lo yg nomor 3 bodoh,zaman nabi poligami itu untuk ngebebasin wanita dari budak dsb
halah hidup kok cuma modal kontol tapi pengen cewek banyak,berlindung dibawah sunah rosul. nih nabi yg denger pernyataan lo kayak gini nangis anjir
habis itu sakit hati,tolol banget emang	Anger
eh tiba tiba si a ini masuk jadi kelompok aku,aku yg emng agak punya dendam *maaf ya allah* kaya dih apasih
semua yg dari arab pasti halal cuy bagi sebagian orang-orang bodoh yg ada di indonesia kdrt aja dibenarkan kencing onta aja diminum teroris dijadikan anggota fatwa mui teroris dijadikan ulama,ustadz n guru agama kok	Anger
maaf nih mus,kl mnrt sy yg bodoh ini
tapi walaupun ada scene uwu di rs,rating malah turun. karena setiap scene ada si jessi yg muncul
udah gw duga,soalnya tumben bgt cube ngegas bgt promosinya dll
nah kan banyak homophobic nyampah di lapak itu foto mana kebanyakan dari indo lagi. mancing sih pake aplod segala,ujung2nya kan ada yang bawa2 w dan dia kena hate. bangsat emang yang nyuruh fanservice!	Anger
eeee bak je baca ni ak gamau emosi sndirian,dia yg minjem kok dia yg ngatur pantek ajan leme cicingan ne	Anger
lucu menurut saya itu adalah wilayahnya presiden,dpr
terus lawan siapa? tambah suwe tambah koyok wkwk lanjutkan lawakannya nawak nawak,gak emosi blass kok malah lucu lak nyawang	Anger
giliran sgala hal yg berbau islam dikebiri,dpojokkan dg alih omikron. srius yg muslim kaga marah??imannya turun atau emnx pura2 muslim?	Anger
kurang tolol apalagi cb ni agama? tuhannya gak ngasih hukum cerai malah yg nikah lg dianggap zinah. dan gobloknya masih ada aja yg mau jdi kristen,emg sih setolol-tololnya monyet aja ga nyembah sesama monyet
sumpah,shara bangsat anjeng bajingan	Anger
poin ke 3 kayak org bodoh ga sih? ngapain udah nikah berzinah sama wanita lain,ya di pikir aja. itu mah emang nafsu lo yang kayak gitu
"katanya orang bisa jadi bodoh karena cinta, tapi aku ngga peduli semua itu. aku cuma mikir, betapa bodoh	Anger
gue senin kmrn ampir di serempet motor karena bule tolol naik nmax lawan arah. gue posisi liat kanan karena laju kendaraan dr sana kan, eh si bangsat ngebut dr kiri. bener2 1 inch from terrible2 accident..	Anger
aku marah karna dia berantakan bgt dah gamau beresin tpi aku yg disebut gila harus diruqyah anjing pengen punya rumah sendiri biar bisa pergi jauh dari keluarga ini minimal aing lah yg mati duluan	Anger
sama diri sendiri aja gk jujur, kalo sakit yah bilang bodoh, obatin, bukan di sangkal !!	Anger
etmin harus banyak banyak sabarr:') walau sebenernya ak liatnya juga ikutan emosi	Anger
sampe gua pernah bilang ke dia kalo ketemu kucing saya dirumah situ tabokin aja pake sapu",tusuk kepalanya
masih pagi loh,udah ada yg bikin emosi aja	Anger
sjshhd yaampun iya pantesan,ih bego banget aku	Anger
lain kali otak tuh biarin aja stay di kepala jangan dipindah pindah ke kontol juancok,tolol kan jadinya. gih musnah aja
baju ilang lagi laundryan,pagi2 dah bikin emosi	Anger
¼kata kasar // harsh word ¼ bismillah asu babi bajingan celek jancuk kontol monyet tai anjing ngentot goblog tolol asuu astaghfirullahalazim,maaf	Anger
padahal de gea baru dapet penghargaan,udah dibuat sedih lagi sama tim tolol	Anger
dia siap kata kalau alter perkataan kena sign tepi tu. hello,aku ke yang kena sign? tanya la front hang apesal aku lak yang diragukan. nasib x kena carut aku dahlah ak marah betul kalau org spoil mood ak pepagi	Anger
luffy : selain bodoh,kau juga pengecut! aku tidak menyukaimu..!	Anger
jangan bodoh,ga boleh kena umpan	Anger
5/6 aakkkk benci kalo pulau2 kecil,ga paham	Anger
baunya busuk banget sumpah,gatau kucing w nih punya dendam apa sama gue pokoknya tiap dia kentut pasti deketin dan sok2 manja. aslinya kentutt	Anger
inilah contoh orang2 yg belum siap bersosial media ya gini nih udah close minded,racist
kyak gini nih manusia paling tolol! dikit dikit bawa agama,pola pikir goblok berkedok agamis.	Anger
satu keluarga suka kucing tapi ada 1 orang yaitu nenekku yang benci banget sama kucing kalo ketauan main kucing pasti diomelin,diperingatin toxo
saraf pada otak mutanjir kena,ini mah udh ga ketolong tolol nya	Anger
nah ini. kalau yg kita benci kejahatan2nya,siapapun wajib dilaporkan. dalam kejahatan itu siapapun bisa terlibat
oematmu tolol sih,gabisa bedain mana bunglon mana asli. kebanyakan halu ngentod ama bidadari transparan ya gini jadinya
benci banget sistem kredit. ok lah mereka mau cari untung lebih,tapi ngotak dikit lahh.. pantes emak w bacot bgt kalo 1% itu banyak beli cash di suruh indent 1 bulan udah gitu di diemin (gak ada basa basi atau nawarin lain). kalo kredit dah tuh heboh sendiri mereka nihh	Anger
no 3 kaga bener banget menurut gua mah. woii mencegah perzinahan ya lu tahan napsu bego jangan minta poligami. sekate kate banget minta poligami cuma buat muasin nafsu sendiri,jerk. dan no 4 menurut gua penyampaiannya salah distu seolah olah istri ni cuma alat pemenuh kepuasan	Anger
santai buat cowok,gak ush emosi
halah taik. pagi2 dibuat emosi gw,support system support system tatai anjingan	Anger
iya itu kan dulu,taun lalu
aku benci banget sama kamu,hatimu itu bagaikan busway yg sering mengeluar masukan orang lain	Anger
dit,gue bodoh. ranking 35/36 jadi menurut lo
ahaha benar,pagi pagi sarapan saja. jangan marah marah
emang bangsat para netizen,sampe bayi aja dihujat macam itu	Anger
bangsat,lu jg member malik anjim	Anger
mungkin ngerasa gaenak pak karna gopal udah tinggi jabatannya di aafikabbogor,dan mungkin juga dikira cuma bercanda
tolol banget gue,anjing. kok bisa kelepasan	Anger
ada bws yg ngert tweet ku,dia ngira ak benci krna gaada moment bw tah?? ak benci krna trailernya penuh sad moments..	Anger
faisal basri udah kesal sangat. abisnya si bakhun bela jokowi pake gigi lima,gaspol. sebelum live ngomongnya lain
makin benci dan sebel terhadap agama2 terutama sekali agama yg entu,udah bisanya cuma bikin susah orang
topa tolol,bukan berarti semua orang ikut pindah	Anger
mau apapun yang aing post di medsos ya berarti aing merasa hidup aing udah cukup,bukan buat alesan saria nginjem duit ka aing dan ga bayar hutang
ioe la wax nga doug si yeufou xalei,lolou nga tolol	Anger
eitss jangan marah marah mom,nanti asi enggak keluar	Anger
pagi pagi udah emosi baca au kesel,gak blh ada yg bikin bian kecewa atau sedih ih	Anger
please jangan buat gue emosi ya pagi pagi,hey para homophobic	Anger
aneh si,orng kalo udh cinta kdng kadar kebegoannya meningkat. maaf sender tapi jujur lo bego	Anger
apasi ngentot gajelas. mau kecil,gede juga kalo tuaan gue itu org jadi adek. tolol	Anger
gue kagk,gue suka jedotin cewe gue ke lampu merah karena benci gue lamer lama banget
cuy ajg wkkwkw tolol semua di rnjna uda paling bener emg aku cuma baca lfs aja,karakternya bener semua tida seperti di rnjna yg mostly pada problematic toxic selfish	Anger
gini amat punya motor kudu nyuci sendiri,ntr kotor sendiri dhehxhwh kesal	Anger
kasian nih org,"istilah ""anak kolong"" aja gak tw.. bisax main medsos tp malas membaca"
eh,ngomong gitu di benci sama orang jepang lah jangan sampe kau ngomong gituan terus orang jepang ngangep negara kau nih gk benar etika ny	Anger
satu sisi teriak-teriak darurat pandemi,di sisi lain melakukan hal2 bodoh macam ini. kasian sekali nasibmu rakyat	Anger
bohong ya,biasanya marah marah tuh gue liat	Anger
makin benci sama jumat. 24 jam termual untuk sebuah perjalanan darat,tasik cirebon tasik. sabtu udah kerja lagi
nyenye nye,cowok sekarang banyak yang bangsat	Anger
aku jengkel liat si akun yunnie azza a.k.a princes manula inj mb. cari nafkah aja masih berjuang di negara orang lain,sibuukk ngejahatin circle mb ivone di tl. dr kemarin sy liatin ss tweetnya
di anyara anggota dki,aku pingin macarin model kasino marah aja lucu sewotnya
benci bgt liat seorang profesional begini,keliatan bgt tukang nyinyir. emg di kedokteran gak ada kode etik yang mengatur tentang etika bersosmed ya?	Anger
hdeuu gw marah yhh tempe digituin,pdhl tempe makanan terenak dimuka bumi inie	Anger
disgusting. sejak kapan poligami diijinkan oleh agama buat mencegah zina? rasul juga poligami bukan sama wanita muda,tapi sama janda dan untuk melindungi mereka
undang2 bodoh pala hangguk ko dah hentam blkg,sah2 laa salah. jarak between kenderaan tuh 3 saat atau selang 3 kereta. takkan tak tau undang2 jalan raya bodo piang ngat aaiihh. meh sini keter ko aku sodok dgn backhoe 18 kali
ah alibi siamah,bebeja weh teu bisa nahan sange
eps 7 saya kesal dengan gwinam ni ngapa kaga die sih? emang zombie immortal yak? udah jatoh dari lantai 4 bos,apa harus di shot gun baru die ni orang? terus namra bisa feel gwinam
kalo bodoh jan ngajak2 org lain dah,stress	Anger
bodoh ya bodoh aja,tapi jangan ngajak - ngajak!	Anger
pas mlaku ijo dikon ngucapke habede tau,ilopyu jangan marah yo tau tur nek pas oren kok kon ngucapke ngene njuk le ngomong kepie gek lanang?	Anger
sakit hati,tapi ga berhak marah juga karena bukan siapa2	Anger
sumpah gue benci banget orang kaya gini.. kalau g suka lebih baik diam drpd melakukan sesuatu yg bikin sakit hati,kl ibunya sampai tau gimana sakit nya anaknya digituin mb nya udah sempurna apa? benci banget sama org yg mandang fisik	Anger
males,bikin emosi	Anger
anjing u kontol bangsat memek,munculkan lagi semua karakter yg ada di s1
oii mangkuk,sblm ph 22 bln pun harga ayam lat tesco mmg 5.99 bahalol untungla kontol + bodoh free	Anger
banget hehe,apalagi kalau lg tidur trus kaget rasanya kaya pengen marah marah	Anger
ntr klo di sadap balik marah,ups.	Anger
apakah kamu juga harus berbuat hal yg sama pada orang lain meskipun org itu tak bersalah padamu? hanya untuk mendapat perhatian dan balas dendam? c'mon,hal tsb justru hanya akan tambah membuatmu semakin dibenci dan dijauhi. cobalah belajar utk menahan emosi dan perkataan +	Anger
punya acara pagi bukannya disiapin dari malem atau bangun lebih awal malah milih marah marah di pagi hari,hdehh	Anger
apa apaan ini,benci bgt pagi pagi lewat tl bikin iri dengki	Anger
kalo dia marah sampe ngancurin barang kaya hp dia atau apa,plis tinggalin	Anger
lah,tibe kena marah	Anger
gosa bebawa mu nad,banyak yg marah. urus liga italy aje	Anger
aku ngadu ke dia dong,"tatang marah ngajak aku ke tempat ayato. disana dia langsung ngomelin ayato. ""lu jadi ketua kelompok ga becus banget sih?! malah anggota lu yg nyariin buat ngajakin kerja kelompok sampe babak belur begini diboongin preman sekolah!""	Anger"
dia diam diam benci gua,tapi dia cerita ke orang orang yang benci ke dia. dari 10 orang yang dia kenal kira kira 11 orang lah yang benci sama dia	Anger
sudah makan belum bang,janganlah marah atau sedih karena kalah..	Anger
itulah pukimak ny cebong .. udah dy yg d bodohin,teteep jugak bilang org yg bodoh .. kepala hotak kw lah ceby	Anger
kayaknya netizen di tiktok,jauh lebih tolol dibanding netizen sosmed lain deh	Anger
yang lebih sedihnya di tempat kejadian gaada yg nolong abang gw njing,dia nelpon ke bunda
gue orang kota,tp tiap pulkam tuh waktu pake legging 7/8 diliatin mulu. apalagi sm yg laki
gue ngetwit lumayan emosi,ampe bikin thread berantakan gini	Anger
"gua mau nyemangatin org""",tp gua sendiri lg ga semangat
ahay bocah tengil tolol,cuma pintar foya2 ngabisin hasil warisan. mumpung masih banyak warisan
dibilang setia itu tuntutan. aneh bgt anjingg kalo emg udh namanya sayang mah bakal setia dgn sendirinya tanpa diminta,apalagi kl udh nikah hrsnya punya kesadaran sendiri buat setia sm pasangannya lah. tolol bgtt kesel pagipagi udh dibikin emosi	Anger
aku bukan bermaksud nak biadab tapi ko faham tak bila dalam ramai2 adik beradik dlm rumah ni,parent ko asyik sebut nama ko je
sorry to say,gk dulu deh opini nya kak. gamasuk di akal dan hati nurani soalnya. ya kalo sekali dua kali mah gpp
pak anis for presiden? insyaallah saya dukung,why ? karena rekam jejak beliau yg baik
prettytitit pencitraan lo udah sampai kelangit 7 pemprov lo kekurangan dana pajak lo hilangkan itukan aneh,"gua gak tau itu namanya dungu atau bodoh dua""nya julukan kamu!!	Anger"
masih pagi makannya begini. pdhl baru beres sikat gigi. perut jd kembung krn minum air hampr 500ml. klo diingat - ingat kmrin g mkn berat samsek. pagi mkn roti,diskul mkn kue sm puding. pulsek.. ga ada
keluarga besar aku,jgn risau sbb korg termakan hasutan puki lahanat adik-beradik aku.kecuali bapak si murni. kau hina si syahirah ni gile
two twts rj ni,bikin emosi
halah tolol,ngang ngeng ngong ngilang juga lo	Anger
knp ya hati ini sangat marah ketika pak jokowi d fitnah,
lu tuh udah bodoh,pendek
dah mulai mentalbreakdance~ lg kemarin menjauh sbntar krn ga pgn bocil kena vibe negatifku,emosi bgt smpe banting pintu kmr mandi
uish. kena tarik pt la bang. sem 1 teruk,sem 3 tak dpt pt. selang satu sem. kes aku
iya cakep,emosi nya dapet banget pagi pagi	Anger
gila ya,emosi lo aku liat komen-komennya
kereta milik cm sarawak,abang johari. celaka punya vvip!! aku paling benci dengan golongan puk**k ni	Anger
ingin kesal,tapi benar	Anger
"emang benci bngt si kalo liat"" komen di tiktok",kalo maen tiktok jarang buka komen biar gak emosi sendiri wkwk	Anger
dah tetiba kaitkn malaysia si bodoh libertard ni,takde lagi genocide di malaysia spt berlaku di papua sekarang lol	Anger
wes ngene wae nder serlok saiki,marakne emosi esuk2	Anger
dah dekat 2 tahun jadi kerajaan,baru nak cakap tak setuju. kata tak setuju dari awal. so patutnya tak payah la terlibat terus. bodoh.	Anger
ini bukan rp,dan juga jelas dong banyak minor plis jangan bodoh kirim ginian ke base	Anger
aq dh 5 kali approach..smua ke reject..sedih siot..siap depress..tu la nk ckp takut nk approach dulu x la tp effect after approach tu yg prob..klau diterima ok..lau x sedih,malu
hadehh,bego bgt dah	Anger
meme gk jelas. tangganya ki step by step proses gitu harusnya,mosok random
jd inget kmrn,niat masuk kamar mandi mau pake pembalut tp malah pipis. pas udh pipis pembalut nya kaga dipake. emosi sama diri sendiri	Anger
woy tolong lah mu klo lgi tolol,tololnya kebangetan banget	Anger
makin kesini ya makin yaudahlah ya serah deh mau gmna pokonya kalau udh dibuat kcewa ya lepasin,ga dendam cuma ya udah gtu aja
tidak peduli,marah
kenapa sih,dapat yg tulus maunya yg brengsek bodoh	Anger
kek apa ya gasuka sm teman yang ngasih tau tapi kaya sambil marah marah gitu,apa ga bisa kalem gitu	Anger
bayangin aja ryo: ani sihh aced: tau tuh,kena marah kan lyan: lah kok aku?? berakhir gelut bertiga	Anger
nggak nunggu lebaran pak,minggu bsk sdh mgatur2 org kerja
kalo pasangannya tau,bakal marah nggak ya?	Anger
iyaa bestie tp saya ky orang bego kalo online,ini krn banyak yg positif soalnya:(	Anger
rawedi di benci,ramekso dikonco. be your self ngadek jejek tampo basa basi.	Anger
kamu yang tolol + kayak tytyd. ngejawab tapi ga rinci,pakar apaan kek gitu
dulu pernah install tiktok gr2 pandemic,iseng di rumah nganggur mo ngapain
berarti gravity probe-b sudah menyerah? oke. fix. kamu ini baperan,bodoh dan ingin terlihat pinter. ngaku psnteis
dari subuh udh ga mood,pas main ml pun jdi emosi an	Anger
begini nih kalau punya netizen goblok banget! ini bahas bola apa mau bahas tentang apa?! emang lazio gak di roma?! pinter dikit kenapa? apa harus semua di jelaskan sejelas jelasnya?! kalau kagak paham diem,jgn norak! kalau bilang lazio ibukota prancis nahh protes gpp. tolol.	Anger
akhh kenapa bang mark ganteng banget bangsat di mv child,pengen gw gak bisa	Anger
pram said ini lgu buat kalian,yang punya rumah tapi terpaksa pergi karna suatu keadaan bangsat itu aku	Anger
maklum mereka sdh pada gila semua .. gila cari untung untuk pindah ibu kota gila cari untung dengan uang pasokan aseng gila cari untung dengan akhir masa jabatan lalu sama sama rampok nkri,bangsat..	Anger
i biasa i balas dendam,kalau dia main game melampau lampau
dia marah yae di ship sama ayato,katanya yae miko based on yae sakura on honkai yang emang canonically lesbian tapi ini kan genshin impact	Anger
ihh,mau marah!!	Anger
pas ketemu,ngak jdi marah
bodo amat anjrit bulan kemaren terakhir gue minjemin lo duit,itu 2
kamu sih protes,jadi kena marah kan.	Anger
sek pagi wes emosi,udaah mau 3 hari gabisa login.	Anger
balas dendam,biar yakin kl suami istri bs saling nutup aib	Anger
gua bangun-bangun jam 6:45,panik bat anjir. udah siap-siap mau ngga mandi kesekolah
emosi juga tgk byk post dr owner yg kematian kucing akibat virus parvo. bkn emosi sebak,emosi nak marah. tolonglah vaksin kucing. dulu aku taktahu juga pntgnya vaksin utk kucing	Anger
yg dari kota sebelah kena penjara 8 bulan denda nya 20 jt gegara kerumunan lah yg ini??..kok bisa ya,maaf sya org biasa yg bodoh gak ngerti..atau jangan2 sya ini yg dibodoh2in ama yg beginian ya?	Anger
halah,ntar pas gw jawab
yang komen buruk ini beneran ada masalah sama otaknya kayaknya,tolol banget. .	Anger
punya gasi lo temen yang dateng pas butuh doang,giliran kita yang butuh dia malah ngilang kek diculik setan. pagi pagi dh buat emosi aja anjingggggggg	Anger
kenapa bisa ada orang terserah terserah sih cape anjg,lo kalau ditanya jawab dong iya atau engga
ini klo gue isiin kyk gini bisa2 abis di comot ponakan gue trus di bagiin ke temen2 nya,baik nyerempet bego dia	Anger
wanita ini pamer ogah beri tip ke pelayan,ternyata balas dendam karena pernah jadi korban ghosting	Anger
simpanse memiliki kecerdasan yg mirip dgn manusia - mampu menampilkan berbagai emosi,mengenali diri sendiri di cermin dll. juga dpt belajar bahasa isyarat utk berkomunikasi dgn manusia. bijimane dgn masih bodoh & betah jd jongos peng peng oligarki n cukong	Anger
i ship both tho,tapi kalo gatekeeping itu tolol	Anger
nonton pilem,antagonisnya ngeselin
halah bacot mulu nih si tua tolol,jawab dlu org panteis tuh harus kek gimana
manusia bodoh,sm anak kecil aja begitu. kalo gk suka yaudah tinggal skip. jgn rasis gitu
knp au yg ak baca masi pd on going,aku kesal	Anger
kalo aku marah,ngambek
goblok bin bodoh. kalau kamu ateis kamu akan memfollow akun2 sains,bukan perasan. bahkam dalam berbohong pun kamu bodoh sekali sekarang ngaku ateis? iya?	Anger
mantep tri,gk kayak bank mandiri
itu tukang sate bego amat yaa! | kenapa emang ? | masa bara api dikipasin,sampe mampus jg gak bakal dingin | -__-	Anger
nah kalo ini bukan pick me girl lagi,lebih ke tolol banget anjing girl	Anger
saya gak habis pikir petani kita sudah dibeginikan tapi masih aja mau pilih yang itu lagi dan lagi. dikasih tau malah marah,kapan sadarnya??	Anger
"cjr bangsat! perusak moral ! masih kecil udh ngajarin cinta""an",belum sunat aja sombong ! dah sono pergi kelaut aja ! cc : all comati	Anger
kesel bangett apalagi d masukin ke grup ga jelas begini,rasanya emosi bgt
kenapa w benci bgt ptm di saat kayak gini,krn adek udah mulai ptm
baru mau sedih kenapa close,endingnya bikin emosi. semoga hari lo senin terus	Anger
iy anjink ngakakk sampe kudu menampar diri sendiri trs kek hidup lo,bego 	Anger
tlong jgn bikin emosi pagi-pagi,aku lg puasa	Anger
blibet ini basictnya apa koq tiap hr bcra bodoh trs,seolah pekerjaan sipil gt aja spt sesuatu yg ndak mgkn bs dikerjakan
short au leejeno udh end,bikin emosi	Anger
astronomi? iya emg saya ngikutin,kamu emg tolol sih cuma menyimpulkan dr following akun saya
yakan dia adeknya anjir?? gimana sih maksud lu anjir,masih pagi ini ya jangan buat emosi bgst.	Anger
dulu marah marah,skrg diem aja terus marahnya ke yg dipercaya	Anger
berkoar-koar sajalah yg kek gini sudah di sumpal pakai duit la diem la termasuk yg ngamuk-ngamuk di sebut jin buang anak,jin nya saja gak marah kok..yg manusianya ngamuk-ngamuk
tbh pengin marah karena dia yg mendadak pake ikut masuk mobil. cuman yg ditakutin bukan diri sendiri sakit,tapi takutnya bawa penyakit ke orang rumah	Anger
lebih marah aku,kenapa kamu make bangun	Anger
saya boong drmana? saya kan udh ngaku saya pemuja fall guys dr kemaren? saya bukan panteis. kamu lupa? dasar tua bangka najis. udah mabok agama,banci
gausah ngasih gua aturan diluar kemampuan gua,lu bukan siapa siapa bego.	Anger
"aku sudah pernah ""menonton"" kisah seperti ini sebelumnya",dan aku benci endingnya +-+	Anger
emang paling bener pagi pagi gausah buka twitter,emosi anjg	Anger
dinamik socmed au joongdok gak jauh dari physical attack lahir batin. selamat pagi,saya bawa kisah kebodohan (fresh from the oven) seseorang yang memang pantas dikatain bego. ga sanggup lagi gua anjir.	Anger
mls bgt,msh pagi ud ad aja yg bkin gondok hadehh emosi	Anger
tbtb dikirimin kuis tebak mana fotoku dan salah nebak,malah marah marah
jangan jadi orang tolol lah anjing,semua orang tau kalau lu ngelakuin salah semua orang tau kalau lu sampah lu bajingan jadi jangan ngarepin belas kasih dr orang yg udah lu kecewain	Anger
"kadang"" suka bingung ama cewe yg nyari sugar daddy pengennya yang baik",tulus
tau elah tolol banget finishingnya busuk aslii padahal di lapangan nguasain pertandingan,nyeselkan absen trophy lagi aja musim ini mengcape bener lah	Anger
mana katanya ngehargain keberadaan gue? kalo minta aja maunya diturutin,giliran gua minta gak diturutin. giliran gue marah gue juga yg salah hadeh yaallah	Anger
lu tau seberapa gue keselnya? di shop gak ada sama sekali paketnya,harus cek history sama recommend for you baru keliatan. kan gak jelas bikin emosi pagi pagi benci bgt pake mytelkomsel gak jelas!!	Anger
si tolol udah tau crush nya ga ngerti bahasa inggris,malah ngode pake lagu western.	Anger
harusnya bisa lebih bijak,tapi efek booster dan kecapekan jadinya melu emosi deweeeeeeee. can't control my seellffff	Anger
masio jengkel maksimal. tapi tetep. ada ditengah-tengah. ada 2 kaki yg terus berusaha di seimbangkan. you did well sis,keep goin
aku sbg yg pernah + juga berusaha utk tidak panik,aku kasih tau lah kalo temen2 yg lain hrs lgsg pada swab
wkwkwk emang lo punya agama,benci banget sm yg berbau islam gitu	Anger
jijik. kamu menjadi pembohong untuk menutupi fakta bahwa kamu ini,selain baperan
kalo main tiktok bikin lu jadi orang tolol,gak beradab
lakik lo tuh cuma parasit doang,kaga kerja tapi nambah beban. cuma numpang idup doang tolol	Anger
ngimpi koq bikin emosi org .. bikin laper lg.. pokok'e maadyaaaaang.. sugeng enjing,happy weekend	Anger
ruhut kader terbaik dlm hal menjilat..bego di pelihara,ga punya urat malu	Anger
kasian temen acara ultah,kmrn ditunda gara2 contact +
iyalah ci aku yakin 100% pas aq ribut sama akun aja dia ada dm ngaku2 mantanku trus tujuannya apa coba kalau gk jualan cerita palsu dia,babikk bener orng itu
profesor begini,saya resign dari kampus mendingan
jika kita tidak membangun apakah lebih kaya!? kalian khawatir indonesia akan dapat dana yg sangat besar dari timur tengah dll,mengawatirkan ya? bisa maju negara ini? sulit dibodohi.	Anger
palu kau kira kuli,pea	Anger
rakyat sudah ribut dari kemarin,lalu dpr baru kaget sekarang. mereka digaji dengan uang rakyat kemarin ngapain aja? bukannya dpr harusnya check balances? Bikin eksmosi	Anger
aku butuh kepastian,bukan harapan palsu!	Anger
tetangga yang gue anggap deket bgt karna baik k3bangetan dan royal bgt,eh taunya dpo invest bodong hampir 1m. bangke! jadi takut soalnya byk org2 dtg trus dm2 gue nyari2 info malesin anjir	Anger
anjing kaget,typing lo minta di tabok apa gimana?	Anger
makanya baca mbak baca. itu disuruh gembira brrti jgn panik. klo panik imun turun. tanya yg ahli,org genbira biar imun bgus apa sebaliknya? Bikin kesel aja	Anger
jangan bikin gue panik dan jangan ganggu gue kalo moodnya ga bagus,bisa?	Anger
"sok""an kaget",dasar beban	Anger
pejabat kaget itu budaya kumpulan orang 2 bego bermain drama,prestasi menjilat
udah gue tebak,dari kemarin gue khawatir mereka bakal turun ya bener aja turun. terus ini gue jual produknya gimana anjirrrrr masa itu liplipan gue pake
pake pura2 kaget segala,sok iya -_-	Anger
tolong adain fitur unsend,gua malu bngt jancok !!!!	Anger
semua hobinya kaget,jengkel	Anger
dalem hati padahal panik juga si anying,bego	Anger
halah ngaku aja na gak usah malu-malu,dasar munafik!	Anger
siapa tau lewat tl twitter anaknya,biar malu tu orang
07 februari 2022,hari ter shibal bgt kenapa gitu lo di bikin jatoh di depan jalanan mana di liatin byk orang sakit sm malu nya netral 7 februari prik	Anger
tbl tbl takut banget loh,iri kan lo ga bisa gitu makanya jangan gatel	Anger
kok bisa bisanya kaget,bukanya ente yg ngawas? -_-	Anger
ah itumah katanya palsu maskernya,mengecewakan	Anger
3) jangan malu minta foto real,real pict jaminan anda cocok atau kagak. dpd dateng2 kecewa beda foto
yg fungsinya ngawasin roda pemerintahan aja baru kaget belakangan. pdhal rakyat udh pd tereak2 kapan hari. dahlah..,semakin miris dan makin acakadut aja negeri ini.	Anger
yg bawah raja palsu,bikin eksmosi	Anger
kalian pernah mimpiin seseorang yg random? dan lgi ga mikirin org itu,mimpinya absurd dan kerasa nyata
kek gimana ya,kadang tu melihat kebodohan orang tu bikin pengen hihh. udah tau ada gejala lu bilang lu sakit tenggorokan
yg membantai guru di perancis itu bukan jaringan teror. hanya karena anak pelaku memfitnah guru tsb telah menggambar nabi,maka dipenggal lah guru tsb. keji.	Anger
itu rizki orang kenapa dia urus. coba saja,apakah dia bisa dibayar ceramah dengan bayaran sekian? harusnya malu untuk membicarakan penghasilan orang lain yang diperoleh secara sah
busyet bujubuneng..,elu baru kaget sekarang
malu-maluin punya temen kayak lo,idiot!	Anger
malu maluin anjrit sinyal begini,katanya doang kenceng
takut kok sama sky,ancem aja gajinya bunda potong bulan depan
gw ptm 50% lagi bangkee,
ngga ngotak emg. adenya positif,ngajak diskusi ngomong ga enak-enakan. pinter doang tapi ga ngerti psikologis org down.	Anger
mari thn 2024 semua bangsa ini pilih pks,agar negara indonesia bisa seperti syiria
kalau dari awal nak set senang je,baik awak cari anak orang kaya je. Kesel	Anger
rambut rontok,depresi
kadang jdi anak yg ga dibolehin bawa motor kemana mana tuh ga enak anjirr. contohnya gua,setiap ada acara kelompok pasti kudu nebeng ke temen. kan nyusahin bat anjirr udh klas 12 masih tetep kaga dibolehin heran	Anger
dokter ngmongin pola pikir sama treatmentnya disebelah mana? mati semua? ini gue masih idup. gue ngmong ortu gue bahagia setelah mati,karna gue ikhlas? kagak!! gue ngajak debat biar pro pemerintah? kagak najis. reply gue baca lg
kamfrett aa,nyese gue vaksin ke3. udah tau badan lagi kurang enak
pagi pagi liat orang bikin pie keliatan enak banget gataunya slime day=ruined,jengkel	Anger
dh mbak ga usah dilanjutin debatnya. cowo cuma mikir enak mah,udah mbak stop aja capek ntar. Bikin kesel aj	Anger
jadi nanti anaknya tertekan,menikah tujuannya bahagia trus memulai kehidupan baru dengan orang yang kita cintai jadi kalo mau punya?idak punya anak gapapa karena itu pilihan mereka asalkan mereka bahagia dan kalo mau punya anak disarankan punya persiapan yang mateng bgt!! bukan karna ortunya yg heboh sana sini
salah sih bang gua liat retweet lu pagi2 gini. auto kesel baca twit mutajir. jadinya kan gua memulai weekend yg cerah ini dgn kekesalan. emang bener kata emak,kalo bangun tidur jangan langsung buka twitter.	Anger
point ke 3 tuh kek apa banget yah,mutajir mutajir
anjeng gw kan make dn puasa gelar,kenapa pada bilang semangat puasa. bikin sakit hati aj	Anger
sering banget update sw,pas abis minjem duit eh
susah bgt liat orang lain bahagia sih,dasar para pelakor	Anger
ga biasanya subuh2 nlpon,"dg semangat bilang semua pegawai dikantornya hari ini wajib di pcr & swab gw yg dengernya spontan jwb ""moga semua masuk sorga"" auto nyolot & maki2 gw"
ngapain mikirin buat gitu!!! wasting time bgt dan tak penting,mending hidup bahagia hahahihi trs menjadi lebih baik.	Anger
orang mah enak punya tempat curhat *selain tuhan ya maksudnya* lah gua kalo curhat ke sape? guamah ngomong bener bisa disalahin,apalagi salah huft	Anger
besok disuruh ikut acara keluarga di puncak,badan rasa-rasanya lagi gak enak dan salah satu saudara jg ada yg gejala mirip covid tapi tetep mau datang dan gak mau diperiksa. udh bilang ibu biar gak usah datang
emang emang yang ngeliat gue dari luar tuh pasti kek asik banget yekan kerjaan enak,sesuai passion
yang ngehoax itu kalian dan media kok nyalahin ridwan kamil lawak banget,yang jadi permasalahan itu patung garuda yang 2t bukan keseluruhan istana negara baca baca makanya biar ga kemakan hoax terus sama aja kaya kaum sebelah kalian suka hoax
betooll bodoh banget yg suka ngmg: matiin rejeki org krn sinet tamat! sok tau bangett tp ya gitu,ngeyel	Anger
"biasanya jga kalo titip2 ke aku toh? knp ke ibu? udh tau ibu suka lupa masih aja nitip ke ibu, biasanya jga nitip ke aku trs di bls ""apa","nitip apa? nyenyenye"" mlh ngegas gue kasih tau biar klo nitip2 ke gue aja biasanya jga kaya gitu ajg	Anger"
asuh opung ini.. tolong hargain ya pung,tdk semua orang suka dengan postingan opung ini kara ini sumpah enak banget	Anger
friendlyy banget ofc ke cewe,playing victim
sumpah yaa,instagram tuh kadang resee suka gak kasih notiff	Anger
"eh kok papa kenal? namira liatin bokapnya penasaran. ""ini alex anaknya pak adin yg kecilnya suka kelai itu kan?!"" alex ngangguk","""sampe sekarang juga masih suka kelai"
risih,gak suka banget soalnya kayak yang terlalu .. gimana gitu	Anger
pas sma ga pernah bawa uang saku karena sekolahan deket banget dari rumah,bisa jalan. kadang males banget kalo kerkom jauh-jauh banget karena pulangnya suka malem dan kalau bayar ojol jadi mahal
"aga emosi pengen datengin ksy terus tanyain ""elo udah punya pacar beneran ga si? emosi banget",suka tmi ke anak yang ngecrush in elo
emg org suka gitu.. udh nitip gatau diri setidaknya kyk haii kak.. atau pagi kak,aku boleh nitip menpes ga? gitu aja pasti bisa kan.. trus jg jgn lupa bilang terima kasih itu tata krama yg pasti di ajarin kok dari kecill. bikin jengkel aja pagi-pagi	Anger
gue pernah nih dapet cerita soal begini dari mulut anak cowo langsung,"yang diginiin tuh anak cewe yang kebetulan emang gk terlalu di sukain sama anak kelas. walau gue juga gk suka sama nih cewek karena kelakuannya yang begitu tapi keterlaluan banget gue denger ceritanya juga""	Anger"
gue baik banget apa ya sampe orang suka minjem duit,minta jawaban maksa	Anger
w clingynya suka peluk peluk bkn ini anjing,ini apaan gajelas banget	Anger
fi: lucu cara ngomongnya kayak arashi ih. ci: idih fiel jelek banget suka mleyotin orang,suka ngajak gelut pula
sorry. kesel banget sama orang2 kaya gini. harus berapa kali gue jelasin. capek. lo pada suka anime lah,bola lah
aku lumayan kesel sama jawabannya,jadi aku cuma ngangguk2 doang. terus kedua temenku juga bilang gini
tp di dunia yg skrg ini kek nya malah jadi ancaman deh buat para cewe. dan sekali lagi kalo ada cowo di luaran sana yg masih suka cat calling cewe,lo tuh freak banget anjj.	Anger
"suka gak abis pikir klo orang punya pikiran selingkuh/main belakang kek heh anjg pacar lu mati""an jaga lu",ngurus hidup lu yg gak seberapa bagus
haha,itu jaksel day ngebekas banget jadi bikin aku suka ngetik i bercampur language. t ____ t keki banget	Anger
ge tuh heran juga ya,video video keluhan kayak gini tu kan udah banyak banget
biasanya yg pink sekarang yg ungu,ternyata ga suka wanginya plis ini kaya bau orang yg aku ga suka banget
negara emang suka gitu ya,ada isu satu yg gede
bener banget jaman sma dulu ada lgi temen yg suka gitu,mana dia bangga bgt abis nipu demi bantuan didepan gue padahal tinggalnya di komplek perumahan yg bagus. mau marahin tapi asyudahlah dianya juga gada kesadaran	Anger
sekiranya ig dipegang sm cowonya,jangan followan sm sec acc aing karna gada cowo di sec acc aku dan tbtb cowo tmn w ngeliat gtu aja suka ngelike ngelike. ga banget	Anger
ga suka banget org sembarangan naik ke kasur aku pas keringetan,atau kakinya ga dibersihin dulu padahal abis dri luar trus berpasir
aku dulu ada temen sekolah gayanya selangit,sok kaya banget
tapi kami suka kpop itu tulus kak. gak ngerasa juga dimanfaatin. karya mereka juga bagus kok. menurut kakak,karya mereka ga bermanfaat? mau aku kasih liat penghargaan2 yg mereka trima? julid amat sih. gitu banget bencinya sampai dibentur2in ama even motogp. aneh.	Anger
gemini plin plan banget,suka bgt ngerubah rencana seenaknya. mn orgnya ga jls	Anger
kenapa ya orang2 kok suka banget cari2 kesalahannya aespa? iri bilang sahabat. damn,kalo gasuka mending gausa diliat.	Anger
nah. selingkuh tuh penyakit. ga ada kata khilap. lo selingkuh kan dalam keadaan sadar. udh salah masih aja bela diri. please,jgn suka jajan diluar atau sex sembarangan
gue ga suka banget dichat terus.. ya kalo pembahasan lo bagus dan menarik bakal gue tanggepin,"masalahnya pembahasan lo tuh itu"" aja dan hal"" yang lo bahas tuh hal"" yang menurut gue sensitif.. jadi ya gue males balas chat lo	Anger"
dihh ga sopan bgt,ini kurir kurir anteraja sama jnt pada ga bener apa gimana sih
setuju,makanya kadang gue suka gedeg sama yg pro sm banget kayak anjir mereka aja urus artisnya ga becus	Anger
pasti guru gue dah ini,kaku banget sih gue kesel	Anger
tiap sabtu kebangunin anjir grgr dibelakang rumah ada ibu ibu suka senam dan pake speakernya tuh gede banget anjing suaranya kaya bener bener gede banget gila,udh pernah ditegur sebenernya tp diulang lg gt kaya minggu depannya pasti gede lagi si suaranya :) bgst pen tdr aku	Anger
males banget,nge-chat w kalo cuma mau nirun
kesel banget sumpah,"gimana ya. bisa2nya ngomong ""nanti kamu suka sama yang lain"
hadeeh kadang gue bingung banget yah sama cewe suka update2 kalo dia jadi selingkuhan gini tuh ceritanya merasa cantik banget apa gimana sih? jahat tauu beginii.. udah jahat diumbar2 jahatnya,gue aja yg cewek ilfeel liatnya
pernah,pas ngomong sama twice
"alasan utama nya adalah karna sangat"" melokaal (dari yg dia cover lagu cinta luar biasa","trs kalo ngomong indo tuh udah kek orang indo. bener"" yang kek ni orang beneran orang korea gaasih?! terus juga warna kulit nya yang aku suka. beda aja gtu dia sama temen""nya yg lain)..	Anger"
nenek ma mak ku nih,tapi klo ada orang lgi ngomong kadang suka ikut njawab
bapak sialan ya gabagus buat contoh,songong
honestly im not the cheerful type orangnya lebih suka diem,kalo ngga penting males ngomong
eh buset gedeg bgt bacanya anak setan lu pada,justru ini yg gua suka dari 2gether di ceritanya bener bener nunjukin cinta ya cinta
jujur gw kesel banget banget sama si anak kecil yang suka ketawa. kek. sumber masalah,ketawanya nyebelin bgt. hhhhhhhhhhhhhh walaupun dia dr desa yg org2nya kebiasa ketawa krn keadaan
polos banget kamu v ada yang hate kamu malah kamu anggap bercanda,"bener"" gak nyangka msh aja ada yng gak suka ama org baik seperti ini	Anger"
suka banget ya dikasarin,giliran ditampol beneran nangess
sumpah benci banget kalo dibalesnya gini. iye sehat-sehat aja sekarang,merasa bersih
lo aja kali yang terbebani aneh,kalau gamau nolongin yaudah gausah aneh banget si lu. gua aja gak terbebani malahan suka nawarin boncengan. kaaya baru bisa naik motor aj monyet.	Anger
"rame banget mall. kenapa juga semua orang pergi ke mall hari sabtu, minggu aja gitu sekalian. keluh kasper. ada lima belas menit mungkin mereka berputar cari tempat untuk parkir. ini salah satu alasan kenapa kasper kurang suka menyetir dikota",susah sekali parkirannya.	Anger
makanya gak suka banget kalo udah ikut campur,krn bukan bikin benar dan menenangkan
yg suka merusak tatanan,jangan di kasih ruang. wahabi lokal..	Anger
kalo bocah koar koar kasih bukti aja biar diem,gua gak suka kedamaian	Anger
tak jamin kasih rumah perumnas ku satu,jika loe bukan grombolannya mereka ?? sdh kelihatan pki pkinya di nkri nusantara siapa sih ?? ya yg suka teriak teriak pki .?? ditanya pki nya
amit amit banget gila kek bangga bgt tu orang suka ngentot sana sini,kek big rewards buat dia
rumit banget jadi orang ya,kalo ga suka ya simpel keep aja sih.ribet banget hidupnya	Anger
sumpah ya tuhan,maaf banget. tapi semoga dia dpt balasan karma setimpal krn ga adil dan suka nipu bawahannya.	Anger
sch! ini caranya gimana yaa biar temen temen ekstrakurikuler ndak pake kelas sender buat jadi ruang pertemuan. udah ditegur sama wali kelas sender masih bebel banget,mana kalo pake tuh suka gak ijin
benar banget,cancel culture dan pembenaran diri sendiri ala sjw zaman sekarang benar-benar sudah ditahap sangat menjijikan. gak beda jauh sama orang-orang di jalan
"gue liat ada yg ampe bilang ""lo ngarepin apa dari fandom ini"". kayak",anjir bgt lo! kalo sekiranya lo ga nyaman ada di satu fandom
semenjak bisa belanja online,beliau suka beli barang yang sebenernya nggak dibutuhin banget
bener banget. gue exol dari jaman overdose. pas orang tau gue exol pada bingung gitu,kok gue masih suka sama mereka padahal mereka udah ga terkenal dan udah tua. pengen banget gue sumpel mulutnya pake kaos kaki. gue ga jawab karna takutnya jadi ribut
itu gatau harga akun apa gimana,suka nyesek kalo ditawar sampe jatoh banget mana upf sekarang susah	Anger
suka kesel nggak sih,ketika udah dibantuin tuh nggak bilang makasih. bukannya gua mo ngemis ucapan terima kasih
saat itu juga pengen gua tonjok tapi ditahan jadinya gua dorong aja ampe jatoh dari bangku kalo suka tu bilang,"lah ini malah bikin 3 kelas benci gua semua manaan ada yang bikin grup ""haters nya bella"" kenapasi alay banget goblok	Anger"
masalah nya yang spread hate nih cowo yaallah gua keseringan ribut sama cowo mulu jaman smp tuh anjrit bolak balik masuk bk soalnya ribut mulu,"pas ditanya alesan nya bangsat banget ""saya ga suka dia bercanda nya sama yang lain selain sama saya bu"" anjingg	Anger"
dia nie ngeselin bngt ke guee suka bngt ngisenginn,tp dia tu kek andalan para guru
duh tuh anaknya nanti kelakuannya mirip gue banget deh. biar bisa dinasehatin terus tiap hari. daripada dulu suka nyindirin gue berkedok self reminder,mending langsung kasih copy pastenya aja ke mereka tuhan haha	Anger
saya sering banget ini gini,apalagi sekolah suka banjir kalo ujan. kan jadi nya nyusahin	Anger
kanye nih napa suka banget nyenggol yang lagi naik deh,toxic anj	Anger
gua emang orangnya suka becanda,tapi bukan berarti ga bisa serius. please be smart
brisik banget,ga suka.	Anger
buset! parah banget ya logika ibu ini,ini keluarga ibu yang jadi karyawan ga ada yang merasa keberatan ya
soalnya tiap ketemu yg ngaku suka banget sama muse,"kalo ditanya: ""oh suka muse"
di rl sering banget nemu model cwo begini,bucin sma istrinya pamer ke mesraan di sosmed jadi udh biasa liat cwo model begini
hadeuh kalo inget bulan ini bikin sakit ati banget anjeng,udah deket lama aku nya udah suka eh malah ujung ujungnya sama adek kelasnya kan anjenk kesel sendiri jadinya	Anger
hh benci banget sama akgae,akun yg suka bahas 1 member aja trus suka berantem sama akun lain udah aku bub berantem gitu lama lama bakal saling jelekin member lain trus berubah jadi akgae aku maless mutualan sm ornag kaya gituu	Anger
tapi lu selalu ngasih argumen seakan lu doang yg sakit anjing. kalo emang lo ga suka sama gue fine tinggalin gue dari awal,dan ga perlu ngerespon lebih dri itu
coba deh,sehari aja puasa ngegosip
emang kenapa saya cinta bendera merah putih saya cinta negara indonesia,situ nggak suka bendera indonesia. trus mau merongrong ogah kerja atau gimana? kalau berani ngomong sini gak usah sembunyi
dulu untuk jadi ustadz di pesantren,ya harus sudah mumpuni dalam bidangnya. bukan siapa saja boleh gak kayak sekarang banyak sesat!!	Anger
jangan cuma beraninya nge dm doank buktikan dengan ngajak kita ngeroom..jd bisa di buktikan semuanya,tidak semata bualan
nikmatin -_- saya ada 2 yg asli jarang ada kabar yg 1 lagi malah kadang jadi temen,jadi musuh
sangat,sangat kesal dan merasa tidak enak. aku biasa memperkenalkan suasana keseluruhan album melalui highlight clip untuk setiap album.. tujuannya adalah untuk memaksimalkan dan meningkatkan karakteristik musik secara visual melalui video dengan kualitas terbaik.	Anger
yang sedang saya alami. kemaren saya ada hubungan sama seseorang. 3th aku sama dia. kita udah sama sama dewasa. saya berusaha (finansial). tpi dia malah santai kyk gk mikir gimana caranya. saya sabar,telaten sama dia. tpi dia seenaknya saja.	Anger
serpihan apa? si anis beruntung mewarisi hasil kerja jokowi ahok jarot,dia tinggal cengar cengir gunting pita kayak badut goblok . mrt sudah jadi
hebatnya indonesia .. gak cuman pemilunya saja,tes covid pun juga begitu !?!?	Anger
emosy dah sm cowo yg suka nanya begini,mangnya semua cewe cuma mau naik mobil?! kalo misal dulu pernah punya pengalaman begitu sm cewe ya berarti emang cewe itu bukan target pasar lo soalnya cewe jg biasa kemana2 naik ojol broo	Anger
itu orang muka badak,.. merusak nama pp saja..	Anger
kalo biasa dengerin apa kata pastor,jangan ngomongin al-qur'an. lompat pagar namanya. jangan jadi begolah	Anger
iyaa,
laah yg bicara soal hoax siapa bos? hoax itu tentu aturan hukumnya. disini bahas kelakuan buzzerp yg seluruh berbeda pandangan politik lalu disebut kadrun. kalau soal hoax ya pasti pidana lah,jgn kau katakan org kritik ke pemerintah itu hanya menebarkan hoax saja. pea	Anger
gue yg mutusin emang,tp yg pamit rest emg siapa tau2nya gue dpt kabar begitu. disuruh keep it private dikira gue gatau apa kalo dia juga nyindir gue mulu
fuck masa lalu,
orang cuma bisa nya ngeliati hidup orang lain saja,tp mereka nggak pernah ngeliati hidup mereka sendiri aja belum bener!	Anger
dichat dia sampe 20 pesan,ternyata tadi gue mimpi bangstt	Anger
lah anjir kalo udah biasa manggil adik mah adik aja kali,gajelas lu anjir. emang lu aja aneh masih cari pembelaan	Anger
bubarkan saja ..ga ono manfaate,opo kontribusi gawe negara ?? Edan	Anger
gk usah mewek udah biasa gue liat kpop keluar masuk.gk usah lebay gk jadi lockey lagi.karna bias lu out.dalam dunia kpop keluar masuk itu hal biasa.kalau agensi dan denise tidak sejalan beda kemauan mau apa lu.mau maksa denise stay.mau maksa vine cegah denise ttap stay gk bisa,bikin jengkeeeelll	Anger
nama satu orang tercemar saja melapor ke polisi minta diusut tuntas..lingkungan hidup dgn biota jutaan makhluk hidup saja,tak satupun ada yg lapor ke pak polisi ..berarti biota lingkungan ini lebih bisa mawas diri koreksi diri..!! alloh lebih menyukai hamba pemaaf ..!	Anger
anjing.. korupsi 2,"1m cuma 1thn 4bln..apa kabar yg maling ayam karna lapar..karna hak nya di makan oleh pejabata"" macam manusia ini.. indonesia oh indonesia..miris bgt negara aing	Anger"
tapi keselnya sih ya itu,ada pertanyaan dari base yang mewakili gue banget
di komplek aku jg gini. kakek jual lap pel memelas cerita sedih,aku kasian dong aku beli dgn harga mahal
aku jengkelnya ke semuanya sih,mbulet kyk benang kusut btw udah selesai bacanya? kalau udah no spoiler please	Anger
sayang nya gue kalo bucin ya mau secakep apapun cowo lain tetep liatnya elo hahah sedih bgt jd cewe ye,knp bucin tolol semua	Anger
pagi pagi udah emosi baca au kesel,gak blh ada yg bikin bian kecewa atau sedih ih	Anger
kalo ketemu orang dan dia keliatan murung,coba tanya dia fans mu bukan? mu kalahh cukk !!	Anger
gue pagi ini kecewa bgt sama gojek,pertama kode voucher sama sekali ga bisa di claim. kedua alamat yg biasa gue gunain buat balik masa dititikin jauh bgt ke jakarta barat wkwkw gila gosend yg harusnya ga sampe 50rb jd diatas 60rb	Anger
aq dh 5 kali approach..smua ke reject..sedih siot..siap depress..tu la nk ckp takut nk approach dulu x la tp effect after approach tu yg prob..klau diterima ok..lau x sedih,malu
baru mau sedih kenapa close,endingnya bikin emosi. semoga hari lo senin terus	Anger
"tolong buat siapapun yg memang udah ""gabisa lagi jadi lockey"" karena masalah denis gpp gue mengerti",tapi plis bgt jgn mengajak atau bikin kompor kayak org goblok bikin tweet dgn mengajak yg lain buat ikutan sebab yg sedih bukan hanya kamu tapi semua lockey
anjing nih eps 3 sedih banget bangsat gue nangis ampe idung mampet,jadi kesel ah	Anger
anj j1min aing udah mau sedih,sialan lu ngetiknya kek gi mati aja
suka heran sama orang yang udah ngasu tp ga ada effort sama sekali buat mastiin gue sakit ati gak,gue kecewa gak.maksudnyaa lo tuh sadar gasih kalo habis ngejahatin gue
"mulutnya itu lho yaampun. aku diusir gara"" main ke homeparty mereka yang kebetulan cuma 4 orang doang",ku kira mah sepi kasian gitu
kebiasaan banget selalu bawa member lain,selalu ngebanding bandingin. dikira member lain gak sedih juga apa?	Anger
bangke ptmt,kelas gue jadi sepi banget anjir	Anger
hbis nntn layangan putus bareng murid2nya ya bund,jangan sedih yaa
terlalu cantik emak jd buzzer,biasanya kusam
ihh sama punya ku juga udh 2 hari masa tertunda terus kesel. tolong dong min ditindaklanjuti,kecewa sih	Anger
dan yg emng belom tau banyak lah tentang dunia ini gitu. tapi gw ngerasa sedih dan marah aja,gatau deh rasanya campur aduk. ini aja ngetik sambil nangisssss
aa kesel bgt anying. dia sudah di bandaraa,gift gue blm siap. ya allah sedih bgt gue uda gbsa nepatin janji buat meet up dari desember trs harini gbsa nganter dia ke bandara
ini segala keresahan gua udah mau ilang nihh,pokoknya pikiran udah mulai enak deh tapi entah kenapa fyp gua isinya cuplikan film layangan kusut
gue pernah datang lebih awal,sebelum waktu nya malah terus malah dibilang kek gini (kurang lebih) saking jombolnya jadi punya banyak waktu luang ya? gue ga tau mesti seneng atau sedih -_- jengkel ahhh	Anger
telat lu ngasih tau faktanya min,kalo sblm pertandingan kasih tau fakta nya kan gw gk se kecewa ini	Anger
